"soru","dogru_cevap","yanlis_cevap","neden_yanlis"
"İnsan-Bilgisayar Etkileşimi (HCI) nedir?","İnsanların bilgisayar teknolojileri ve yapay zekâ ile etkileşimini; bu sürecin daha kolay, doğal ve verimli hale getirilmesini inceleyen disiplindir.","Bilgisayarların birbirleriyle ağ üzerinden veri alışverişi yapmasını inceleyen disiplindir.","Bu bilgisayar ağlarının konusudur; HCI insan ile bilgisayar arasındaki etkileşimi inceler."
"Arayüz (Interface) kavramı neyi ifade eder?","İnsan ile makine arasında bilgi ve komut alışverişini sağlayan dijital veya fiziksel sınır çizgisini ifade eder.","Makinenin arka planda verileri işleyen algoritmik gücünü ifade eder.","Bu, benzetmedeki 'motor'dur; arayüz insan ile makine arasındaki alışverişi sağlayan sınırdır."
"Kullanıcı Deneyimi (UX) nedir?","Bir insanın bir dijital sistemi veya YZ aracını kullanırken hissettiği tatmin, kullanım kolaylığı, hız ve güven duygusunun bütünüdür.","Bir sistemin yalnızca renk, yazı tipi ve görsel süslemelerinin bütünüdür.","Görsel tasarım yalnızca bir parçadır; UX kullanıcının hissettiği tatmin, kolaylık, hız ve güvenin bütünüdür."
"Bilişsel Yük (Cognitive Load) ne anlama gelir?","Bir teknolojiyi anlama, kullanma ve komut verme aşamasında insan zihninin harcamak zorunda kaldığı zihinsel efor ve enerjidir.","Bir bilgisayarın işlemcisinin ve belleğinin taşıdığı işlem yüküdür.","Bilişsel yük makinenin değil, insan zihninin harcadığı efordur."
"Human-in-the-Loop (İnsan Döngüde) prensibinin temel kuralı nedir?","YZ sisteminin kritik kararları tek başına almaması; sürecin kontrol, onay ve yönlendirme aşamasında insanın aktif bulunması kuralıdır.","YZ sisteminin tüm kararları insan müdahalesi olmadan tek başına alması kuralıdır.","Tam tersi; kritik kararlarda insanın kontrol ve onay aşamasında aktif bulunması gerekir."
"Doğal Dil İşleme Arayüzü kullanıcılara ne tür bir kolaylık sağlar?","Özel yazılım kodları veya karmaşık butonlar yerine doğrudan günlük konuşma veya yazı diliyle makineyle etkileşim kurma imkânı sağlar.","Kullanıcının makineyle etkileşim kurabilmek için özel bir programlama dili öğrenmesini sağlar.","Tam tersi; kod öğrenmeye gerek kalmadan günlük dille etkileşim kurulur."
"YZ ve arayüz ilişkisini açıklayan motor-direksiyon benzetmesinde 'direksiyon' neyi temsil eder?","İnsanın YZ gücünü yönlendirmesini sağlayan etkileşim arayüzünü temsil eder.","YZ'nin sahip olduğu veri işleme gücünü ve algoritmik kapasiteyi temsil eder.","Bu 'motor'un karşılığıdır; direksiyon, insanın yönlendirme yaptığı arayüzdür."
"YZ ve arayüz ilişkisini açıklayan motor-direksiyon benzetmesinde 'motor' neyi temsil eder?","YZ'nin sahip olduğu veri işleme gücünü ve algoritmik kapasiteyi temsil eder.","İnsanın YZ gücünü yönlendirmesini sağlayan etkileşim arayüzünü temsil eder.","Bu 'direksiyon'un karşılığıdır; motor YZ'nin işlem gücüdür."
"İyi tasarlanmış bir YZ arayüzünün kullanıcı psikolojisi açısından birincil amacı nedir?","Kullanıcının zihinsel eforunu ve bilişsel yükünü (cognitive load) en aza indirmektir.","Kullanıcıya mümkün olduğunca çok buton ve seçenek sunmaktır.","Çok seçenek bilişsel yükü artırır; amaç zihinsel eforu en aza indirmektir."
"Geleneksel yazılımlardaki çok katmanlı menüler ve yüzlerce buton kullanıcıda nasıl bir duruma yol açar?","Zihinsel yorgunluğa ve yüksek bilişsel yüke yol açar.","Kullanıcının daha hızlı öğrenmesine ve düşük bilişsel yüke yol açar.","Tam tersi; çok sayıda menü ve buton zihni yorar ve bilişsel yükü artırır."
"YZ sohbet robotlarının basit bir metin kutusundan oluşması tasarımsal olarak neyi hedefler?","Kullanıcıyı teknik detaylarla yormamayı ve bilişsel yükü en aza indirmeyi hedefler.","Geliştirme maliyetini düşürmek için özelliklerin bilerek eksik bırakılmasını hedefler.","Sadelik eksiklik değildir; bilişsel yükü azaltmak için yapılmış bilinçli bir tasarım tercihidir."
"Üretken YZ ile insan etkileşimindeki temel dönüşüm nedir?","İnsanın makine dilini (kodlama/menüler) öğrenmesi yerine, makinenin insan dilini (doğal dil) öğrenmesidir.","İnsanın makineyle anlaşabilmek için daha fazla kodlama öğrenmek zorunda kalmasıdır.","Tam tersi; artık makine insan dilini anlıyor, insanın makine dili öğrenmesi gerekmiyor."
"Human-in-the-Loop modeline göre süreçte 'pilot' konumında kim yer almalıdır?","İnsan (kullanıcı).","Yapay zekâ modeli.","YZ yardımcı konumdadır; kontrol ve yönlendirme insanda olmalıdır."
"YZ modellerinin ürettiği çıktıların etik ve mesleki sorumluluğu kime aittir?","Süreçteki insana (kullanıcıya) aittir.","YZ modelini geliştiren şirkete aittir.","Çıktıyı kullanan ve sunan kişi sorumludur; sorumluluk süreçteki insana aittir."
"YZ sistemlerinin 'yüksek özgüvenli' arayüz tasarımlarıyla yanıt vermesi kullanıcı için hangi riski doğurur?","Kullanıcının edilgenleşerek YZ çıktılarını körü körüne ve denetlemeden kabul etmesi riskini doğurur.","Kullanıcının YZ'ye hiç güvenmeyip onu kullanmayı tamamen bırakması riskini doğurur.","Risk tam tersidir: özgüvenli üslup kullanıcıyı çıktıyı sorgulamadan kabul etmeye iter."
"Human-in-the-Loop modelinde YZ karar akışının kritik 3. adımı nedir?","İnsanın YZ önerisini kontrol etmesi ve onaylamasıdır (İnsan Kontrolü).","YZ'nin kararı insana sormadan otomatik olarak uygulamasıdır.","Bu insan kontrolünü atlar; kritik adım insanın öneriyi kontrol edip onaylamasıdır."
"Etkili YZ Etkileşim Döngüsünün 1. Adımı nedir?","Niyet Belirleme (Mental Hazırlık).","Geri Bildirim Sunma (Düzeltme ve İyileştirme Döngüsü).","Bu 4. adımdır; döngü önce niyetin belirlenmesiyle başlar."
"Etkili YZ Etkileşim Döngüsünün 2. Adımı nedir?","Açık Girdi Ver (Net İletişim / Bağlam Sağlama).","Çıktıyı İşleme / Bilişsel Filtreden Geçirme.","Bu 3. adımdır; 2. adımda YZ'ye açık ve bağlam içeren girdi verilir."
"Etkili YZ Etkileşim Döngüsünün 3. Adımı nedir?","Çıktıyı İşleme / Bilişsel Filtreden Geçirme.","Niyet Belirleme (Mental Hazırlık).","Bu 1. adımdır; 3. adımda YZ'nin çıktısı bilişsel filtreden geçirilir."
"Etkili YZ Etkileşim Döngüsünün 4. Adımı nedir?","Geri Bildirim Sunma (Düzeltme ve İyileştirme Döngüsü).","Açık Girdi Ver (Net İletişim / Bağlam Sağlama).","Bu 2. adımdır; 4. adımda geri bildirimle çıktı düzeltilip iyileştirilir."
"YZ Etkileşim Döngüsünün 1. Adımı olan 'Niyet Belirleme' aşamasında kullanıcı ne yapmalıdır?","Komut yazmadan önce hedefini kesin olarak belirlemelidir (özet, fikir veya analiz isteyip istemediğine karar vermelidir).","Hedefini düşünmeden hemen kısa bir komut yazıp sonucu beklemelidir.","Hedef belirlenmeden yazılan komut belirsiz olur; önce ne istendiğine karar verilmelidir."
"YZ Etkileşim Döngüsünün 2. Adımında verilen girdinin kalitesi çıktıyı nasıl etkiler?","Girdideki cümlenin yapısal kalitesi ve bağlam zenginliği, YZ'den alınan yanıtın kalitesini doğrudan belirler.","Girdinin kalitesi önemli değildir; YZ her girdiye aynı kalitede yanıt üretir.","Girdinin yapısı ve bağlam zenginliği yanıtın kalitesini doğrudan belirler."
"YZ Etkileşim Döngüsünün 3. Adımındaki 'Bilişsel Filtre' uygulamasının temel sorusu nedir?","'Bu yanıt mantıklı, doğru ve benim alanıma uygun mu?' sorusudur.","'Bu yanıt yeterince uzun ve etkileyici görünüyor mu?' sorusudur.","Uzunluk ya da görünüş ölçüt değildir; sorgulanan şey mantık, doğruluk ve alana uygunluktur."
"YZ Etkileşim Döngüsünün 4. Adımı olan 'Geri Bildirim Döngüsü' etkileşimi nasıl tanımlar?","Tekil bir işlem yerine sürekli ve düzeltilebilir bir diyalog süreci olarak tanımlar.","Bir komut verilip sonucun aynen kabul edildiği tek seferlik bir işlem olarak tanımlar.","Tam tersi; etkileşim sürekli ve düzeltilebilir bir diyalogdur."
"Arama motoru (Google vb.) ile üretken YZ sohbet arayüzleri arasındaki temel kullanım farkı nedir?","Arama motoru tekil anahtar kelimelerle çalışırken, YZ sohbet arayüzleri tam cümleli ve bağlam içeren diyaloglarla çalışır.","Aralarında fark yoktur; ikisi de en iyi sonucu tekil anahtar kelimelerle verir.","YZ sohbet arayüzleri anahtar kelimeyle değil, tam cümleli ve bağlam içeren diyalogla iyi çalışır."
"Mühendislik ve tasarım alanındaki karmaşık 3D CAD yazılımları nasıl bir HCI sorunu yaratır?","Yüzlerce yoğun buton ve menü sebebiyle yüksek bilişsel yük yaratır.","Çok az özellik sunduğu için kullanıcının işini yapamaması sorununu yaratır.","Sorun özellik azlığı değildir; yüzlerce buton ve menünün yarattığı yüksek bilişsel yüktür."
"Yapay zekâ, mühendislik ve tasarım yazılımlarındaki yüksek bilişsel yükü nasıl çözer?","Doğal dil arayüzü sayesinde metin komutlarıyla (ör. '3 odalı plan çiz') karmaşık işlemleri doğrudan gerçekleştirerek çözer.","Yazılıma daha fazla buton ve menü ekleyip her işlem için ayrı kısayol sunarak çözer.","Daha fazla buton yükü artırır; çözüm doğal dille komut verebilmektir."
"Sağlık bilimlerinde tıbbi personelin Hastane Bilgi Yönetim Sistemlerine (HBYS) manuel veri girmesi hangi soruna yol açar?","Ekran ve arayüz yorgunluğuna yol açarak hastaya ayrılan zamanı azaltır.","Tıbbi personelin hastalarla gereğinden fazla vakit geçirmesine yol açar.","Tam tersi; manuel veri girişi ekran yorgunluğu yaratır ve hastaya ayrılan zamanı azaltır."
"YZ asistanları sağlık sektöründeki arayüz yorgunluğunu nasıl azaltır?","Sesli komutlarla veya otomatik düzenleme sistemleriyle tıbbi notları ve verileri biçimlendirerek azaltır.","Tıbbi personelin her veriyi elle iki kez girmesini zorunlu kılarak azaltır.","Bu yükü artırır; YZ sesli komut ve otomatik düzenlemeyle veri girişini kolaylaştırır."
"Eğitim sektöründe karmaşık Öğrenme Yönetim Sistemlerinin (LMS) yarattığı temel UX sorunu nedir?","Kullanıcının navigasyonda kaybolmasına ve öğrenme motivasyonunun düşmesine yol açmasıdır.","Öğrencilerin sistemi çok hızlı öğrenip derslerden sıkılmasına yol açmasıdır.","Sorun kolaylık değil karmaşıklıktır; kullanıcı navigasyonda kaybolur ve motivasyonu düşer."
"İşletme ve iletişim alanında kötü tasarlanmış bir müşteri hizmetleri chatbot'unun kuruma zararı ne olur?","Müşterinin sorununu çözemeyerek öfkeye yol açar ve marka değerine doğrudan zarar verir.","Yalnızca sunucu maliyetlerini artırır; müşteri memnuniyetini ve markayı etkilemez.","Kötü chatbot sorunu çözemez, müşteriyi öfkelendirir ve marka değerine zarar verir."
"Kullanıcı bir dijital uygulamayı kullanırken zorlandığında asıl sorun neyden kaynaklanır?","Kullanıcının yetersizliğinden değil, uygulamanın kötü HCI ve UX tasarımından kaynaklanır.","Kullanıcının teknolojiye yatkın olmamasından ve yetersizliğinden kaynaklanır.","HCI'a göre sorun kullanıcıda değil, kötü tasarımdadır."
"'YZ'ye görevi devredip tamamen süreçten çekilmek' neden hatalı bir yaklaşımdır?","YZ hatalı veya yanlış içerik üretebileceğinden, Human-in-the-Loop ilkesini ihlal eder ve insan denetimini ortadan kaldırır.","YZ çok yavaş çalıştığı için işin bitmesi gereğinden uzun sürer.","Sorun hız değildir; YZ hatalı içerik üretebilir ve süreçten çekilmek insan denetimini ortadan kaldırır."
"YZ sohbet araçlarına 'enflasyon nedir' gibi tekil kelimeler yazmak hangi yöntemsel hatayı gösterir?","YZ sohbet aracını bir diyalog asistanı yerine geleneksel arama motoru gibi kullanma hatasını gösterir.","YZ'ye gereğinden fazla bağlam ve ayrıntı verme hatasını gösterir.","Tam tersi; tekil kelime yazmak bağlam vermemek ve YZ'yi arama motoru gibi kullanmaktır."
"YZ arayüzlerinde sadelik tesadüfi midir?","Hayır, insan zihnini yormamak için kurgulanmış uygulamalı bilişsel psikolojiye dayanır.","Evet, geliştiriciler arayüze özellik eklemeye vakit bulamadığı için sadedir.","Sadelik tesadüf değildir; bilişsel psikolojiye dayanan bilinçli bir tasarımdır."
"YZ etkileşiminde 'Aktif Sistem Yöneticisi' olmak ne anlama gelir?","Teknolojiyi pasif şekilde tüketmek yerine, YZ girdilerini kurgulayan, çıktılarını denetleyen ve yönlendiren kişi olmaktır.","YZ'nin ürettiği çıktıları sorgulamadan alıp doğrudan kullanan kişi olmaktır.","Bu pasif tüketimdir; aktif yönetici girdiyi kurgular, çıktıyı denetler ve yönlendirir."
"YZ arayüzlerinin insan merkezli (human-centered) olarak tasarlanmasının temel faydası nedir?","Teknolojiye erişimi kolaylaştırarak profesyonel verimliliği artırmak ve zihinsel eforu düşürmektir.","Teknolojiyi yalnızca uzman mühendislerin kullanabileceği hale getirmektir.","Tam tersi; insan merkezli tasarım teknolojiye erişimi herkes için kolaylaştırır."
"YZ modelleri yanıt üretirken insan gibi düşünür mü?","Hayır, veriler ve örüntüler üzerinden istatistiksel olasılık hesapları yaparak çıktı üretir.","Evet, insan beyni gibi bilinçli düşünerek ve anlayarak çıktı üretir.","YZ bilinçli düşünmez; verideki örüntülerden olasılık hesabıyla çıktı üretir."
"YZ çıktısının akıcı ve ikna edici görünmesi onun kesin doğru olduğunu kanıtlar mı?","Kanıtlamaz; YZ ikna edici şekilde yanlış bilgi (halüsinasyon) üretebileceğinden insani doğrulama şarttır.","Kanıtlar; akıcı ve ikna edici bir yanıt ancak doğru bilgiyle üretilebilir.","YZ yanlış bilgiyi de akıcı şekilde üretebilir (halüsinasyon); bu yüzden doğrulama gerekir."
"Human-in-the-Loop modelinde insanın süreçteki ana sorumlulukları nelerdir?","Etik kontrol sağlama, bağlamsal doğrulama yapma ve nihai profesyonel onayı vermektir.","Yalnızca komutu yazmak ve çıkan sonucu değiştirmeden iletmektir.","İnsanın görevi iletmek değildir; etik kontrol, bağlamsal doğrulama ve nihai onaydır."
"Kullanıcı YZ'ye bir prompt verdiğinde istediği sonucu alamazsa Etkileşim Döngüsüne göre ne yapmalıdır?","4. Adım olan Geri Bildirim Döngüsünü kullanarak komutunu veya bağlamı netleştirip YZ'yi yönlendirmelidir.","YZ'nin işe yaramadığına karar verip aracı kullanmayı bırakmalıdır.","Etkileşim bir döngüdür; geri bildirimle komut netleştirilip YZ yönlendirilmelidir."
"YZ ile iletişimde 'bağlam zenginliği' sağlamak neden önemlidir?","YZ'nin kullanıcının amacına ve alanına en uygun, doğru yanıtı üretmesini sağladığı için önemlidir.","Yanıtın daha uzun görünmesini sağladığı için önemlidir.","Amaç uzunluk değildir; yanıtın kullanıcının amacına ve alanına uygun olmasıdır."
"Bir yazılımın kullanıcısını zihinsel olarak yormaması durumu HCI literatüründe nasıl adlandırılır?","Düşük Bilişsel Yük (Low Cognitive Load).","Yüksek Bilişsel Yük (High Cognitive Load).","Yüksek bilişsel yük zihnin yorulması demektir; yormayan tasarım düşük bilişsel yük sağlar."
"Bir YZ sisteminin teknik işleyiş detaylarının arayüzde saklanmasının amacı nedir?","Kullanıcının karmaşık teknik süreçlerle boğulmasını önleyip doğrudan amaca odaklanmasını sağlamaktır.","Kullanıcıdan bilgi gizleyerek sistemin hatalarını örtmektir.","Amaç hata gizlemek değildir; kullanıcının teknik ayrıntıda boğulmadan amaca odaklanmasıdır."
"YZ arayüz tasarımında 'Human-in-the-Loop' ilkesini doğrudan ihlal eden davranış nedir?","YZ çıktısını hiçbir denetim, editleme veya doğrulama yapmadan doğrudan nihai çalışma olarak sunmaktır.","YZ çıktısını kontrol edip düzelttikten sonra çalışmada kullanmaktır.","Bu doğru kullanımdır; ihlal, çıktıyı hiç denetlemeden nihai çalışma olarak sunmaktır."
"YZ ile etkileşimde 'Niyet Belirleme' aşamasının atlanması neye sebep olur?","Belirsiz ve yetersiz komutlar verilmesine, dolayısıyla kalitesiz veya ilgisiz YZ yanıtlarına sebep olur.","YZ'nin daha yaratıcı ve daha isabetli yanıtlar vermesine sebep olur.","Hedefsiz komut belirsiz olur; sonuç kalitesiz veya ilgisiz yanıttır."
"YZ yanıtına karşı uygulanan 'Bilişsel Filtre' hangi insani yetilere dayanır?","Eleştirel düşünme, alan bilgisi, mantık denetimi ve etik değerlendirmeye dayanır.","Hızlı yazma, ezberleme ve klavye kullanma becerilerine dayanır.","Filtre mekanik becerilere değil; eleştirel düşünme, alan bilgisi ve etik değerlendirmeye dayanır."
"E-ticaret platformlarında kullanılan diyalog tabanlı botların klasik arayüzlere göre üstünlüğü nedir?","Müşterinin talebini karmaşık menüler arasında gezdirmeden doğrudan anlayıp çözüm sunabilmesidir.","Müşteriyi daha fazla menü ve sayfa arasında gezdirerek seçenek sunmasıdır.","Tam tersi; üstünlüğü talebi menülerde gezdirmeden doğrudan anlayıp çözmesidir."
"'Arayüz bir köprüdür' ifadesinde bu köprü hangi iki unsur arasında yer alır?","İnsan zihni (niyeti) ile makinenin işlem gücü arasında yer alır.","İki farklı bilgisayar sistemi arasında yer alır.","Arayüz iki makineyi değil, insanın niyetini makinenin işlem gücüne bağlar."
"Teknolojinin insanı tamamen devre dışı bırakması veya aşırı yorması HCI açısından nasıl değerlendirilir?","Tasarımsal açıdan hatalı (kötü UX/HCI tasarımı) olarak değerlendirilir.","Teknolojinin gelişmiş ve güçlü olduğunun göstergesi olarak değerlendirilir.","Güç göstergesi değildir; insanı yoran ya da dışlayan tasarım kötü tasarımdır."
"YZ etkileşiminde kullanıcı ile YZ arasındaki ilişki pasif tüketim yerine ne şekilde kurgulanmalıdır?","Aktif ve iş birliğine dayalı bir diyalog ortaklığı olarak kurgulanmalıdır.","YZ'nin karar verdiği, kullanıcının yalnızca izlediği tek yönlü bir ilişki olarak kurgulanmalıdır.","Bu pasif tüketimdir; ilişki aktif ve iş birliğine dayalı bir diyalog olmalıdır."
"YZ arayüzlerinde verilen komuta ek olarak arka plan bilgisi eklemeye ne ad verilir?","Bağlam (Context) sağlama.","Halüsinasyon (Hallucination) üretme.","Halüsinasyon YZ'nin bilgi uydurmasıdır; komuta arka plan bilgisi eklemek bağlam sağlamaktır."
"Geleneksel kullanıcı arayüzlerinde (UI) kullanıcının bilgiye ulaşmak için kat ettiği yola ne ad verilir?","Navigasyon / Menü yolu.","Bilişsel Filtre.","Bilişsel filtre YZ çıktısını değerlendirmektir; menülerde kat edilen yol navigasyondur."
"Bilişsel yükün sürekli yüksek olması kullanıcıda hangi olumsuz duruma yol açar?","Zihinsel tükenmişlik, arayüz yorgunluğu ve hata yapma oranında artışa yol açar.","Kullanıcının sistemi daha çok sevmesine ve daha az hata yapmasına yol açar.","Tam tersi; yüksek bilişsel yük tükenmişliğe, yorgunluğa ve daha fazla hataya yol açar."
"Etkili bir YZ kullanıcısının komut verirken geleneksel arama motoru alışkanlıklarından uzaklaşarak takınması gereken tutum nedir?","YZ'ye tam cümlelerle, detaylı arka plan vererek bir insan asistanla konuşur gibi yaklaşmaktır.","YZ'ye mümkün olduğunca kısa, tek kelimelik anahtar sözcüklerle yaklaşmaktır.","Bu arama motoru alışkanlığıdır; YZ'ye tam cümle ve ayrıntılı bağlamla yaklaşılmalıdır."
